{"meta": {"version": "7.3.0", "timestamp": "2023-08-24T00:39:34.072135", "branch_coverage": true, "show_contexts": false}, "files": {"main\\__init__.py": {"executed_lines": [1], "summary": {"covered_lines": 0, "num_statements": 0, "percent_covered": 100.0, "percent_covered_display": "100.00", "missing_lines": 0, "excluded_lines": 0, "num_branches": 0, "num_partial_branches": 0, "covered_branches": 0, "missing_branches": 0}, "missing_lines": [], "excluded_lines": [], "executed_branches": [], "missing_branches": []}, "main\\exceptions.py": {"executed_lines": [1, 2, 5, 6, 7, 10, 11, 12, 13, 16, 17, 18, 19, 23, 26, 27, 28, 33, 34, 35, 40, 41, 42, 47, 48, 49], "summary": {"covered_lines": 25, "num_statements": 25, "percent_covered": 100.0, "percent_covered_display": "100.00", "missing_lines": 0, "excluded_lines": 0, "num_branches": 2, "num_partial_branches": 0, "covered_branches": 2, "missing_branches": 0}, "missing_lines": [], "excluded_lines": [], "executed_branches": [[18, 19], [18, 23]], "missing_branches": []}, "main\\global_vars.py": {"executed_lines": [1, 2, 3], "summary": {"covered_lines": 3, "num_statements": 3, "percent_covered": 100.0, "percent_covered_display": "100.00", "missing_lines": 0, "excluded_lines": 0, "num_branches": 0, "num_partial_branches": 0, "covered_branches": 0, "missing_branches": 0}, "missing_lines": [], "excluded_lines": [], "executed_branches": [], "missing_branches": []}, "main\\main.py": {"executed_lines": [1, 2, 5, 14, 16, 17, 22, 23, 28, 31, 32, 33, 34, 35, 36, 37, 38, 39, 40, 41, 48, 49, 51, 52, 53, 54, 55, 56, 57, 59, 60, 61, 62, 63, 65, 66, 67, 68, 69, 70, 71, 73, 74, 75, 76, 79, 80, 82, 83, 84, 85, 86, 88, 89, 90, 92, 93, 94, 96, 97, 98, 99, 100, 102, 103, 104, 105, 106, 108, 109, 110, 111, 112, 114, 115, 116, 117, 118, 120, 121, 122, 123, 124, 127, 128, 129, 130, 131, 132, 133, 134, 136, 137, 138, 139, 141, 142, 143, 144, 145, 146, 147, 148, 150, 152, 153, 154, 155, 156, 157, 158, 159, 161, 162, 163, 164, 165, 166, 167, 168, 169, 170, 171, 172, 173, 174, 175, 176, 178, 179, 180, 181, 182, 183, 184, 185, 186, 187, 188], "summary": {"covered_lines": 137, "num_statements": 138, "percent_covered": 98.6842105263158, "percent_covered_display": "98.68", "missing_lines": 1, "excluded_lines": 0, "num_branches": 90, "num_partial_branches": 2, "covered_branches": 88, "missing_branches": 2}, "missing_lines": [19], "excluded_lines": [], "executed_branches": [[16, 17], [31, 32], [31, 33], [35, 36], [35, 48], [36, 37], [36, 38], [38, -28], [38, 39], [39, 40], [39, 41], [41, -41], [41, -28], [41, 38], [41, 41], [48, -28], [48, 49], [49, -49], [49, 48], [49, 49], [52, 53], [52, 63], [53, 54], [53, 59], [54, 52], [54, 55], [55, 54], [55, 56], [59, 52], [59, 60], [60, 59], [60, 61], [67, 68], [67, 76], [68, 69], [68, 73], [69, 67], [69, 70], [70, 71], [73, 67], [73, 74], [74, 73], [74, 75], [83, 84], [83, 85], [97, 98], [97, 99], [103, 104], [103, 105], [109, 110], [109, 111], [115, 116], [115, 117], [121, 122], [121, 123], [138, -138], [138, 138], [138, 139], [141, 142], [141, 144], [142, 141], [142, 143], [146, 147], [146, 152], [147, 148], [147, 150], [152, 153], [152, 155], [162, 163], [162, 165], [163, 164], [163, 165], [165, 166], [165, 167], [168, 169], [168, 170], [170, 171], [170, 173], [171, 172], [171, 173], [173, -161], [173, 174], [175, -161], [175, 176], [180, 181], [180, 182], [182, 183], [182, 184], [184, 185], [184, 186], [186, 187], [186, 188]], "missing_branches": [[16, 19], [70, 69]]}}, "totals": {"covered_lines": 165, "num_statements": 166, "percent_covered": 98.83720930232558, "percent_covered_display": "98.84", "missing_lines": 1, "excluded_lines": 0, "num_branches": 92, "num_partial_branches": 2, "covered_branches": 90, "missing_branches": 2}}